system,url,language,category,ttsds2
Ground Truth,,es,Speaker,91.7
Fish Speech 1.5,https://github.com/fishaudio/fish-speech,es,Speaker,83.33
OpenVoice v2,https://github.com/myshell-ai/OpenVoice,es,Speaker,77.31
XTTS v1,https://github.com/coqui-ai/TTS,es,Speaker,76.5
WhisperSpeech Medium,https://github.com/WhisperSpeech/WhisperSpeech,es,Speaker,76.25
Bark,https://github.com/suno-ai/bark,es,Speaker,74.01
Ground Truth,,es,Prosody,94.59
OpenVoice v2,https://github.com/myshell-ai/OpenVoice,es,Prosody,90.56
WhisperSpeech Medium,https://github.com/WhisperSpeech/WhisperSpeech,es,Prosody,89.56
XTTS v1,https://github.com/coqui-ai/TTS,es,Prosody,86.85
Fish Speech 1.5,https://github.com/fishaudio/fish-speech,es,Prosody,85.94
Bark,https://github.com/suno-ai/bark,es,Prosody,80.11
Ground Truth,,es,Overall,92.51
Ground Truth,,es,Failure Rate,0.0
Fish Speech 1.5,https://github.com/fishaudio/fish-speech,es,Overall,86.6
Fish Speech 1.5,https://github.com/fishaudio/fish-speech,es,Failure Rate,18.0
OpenVoice v2,https://github.com/myshell-ai/OpenVoice,es,Overall,85.86
OpenVoice v2,https://github.com/myshell-ai/OpenVoice,es,Failure Rate,8.0
WhisperSpeech Medium,https://github.com/WhisperSpeech/WhisperSpeech,es,Overall,84.94
WhisperSpeech Medium,https://github.com/WhisperSpeech/WhisperSpeech,es,Failure Rate,10.0
XTTS v1,https://github.com/coqui-ai/TTS,es,Overall,84.62
XTTS v1,https://github.com/coqui-ai/TTS,es,Failure Rate,24.0
Bark,https://github.com/suno-ai/bark,es,Overall,81.91
Bark,https://github.com/suno-ai/bark,es,Failure Rate,60.0
Ground Truth,,es,Intelligibility,85.43
OpenVoice v2,https://github.com/myshell-ai/OpenVoice,es,Intelligibility,84.75
Fish Speech 1.5,https://github.com/fishaudio/fish-speech,es,Intelligibility,82.3
XTTS v1,https://github.com/coqui-ai/TTS,es,Intelligibility,81.47
Bark,https://github.com/suno-ai/bark,es,Intelligibility,80.68
WhisperSpeech Medium,https://github.com/WhisperSpeech/WhisperSpeech,es,Intelligibility,80.07
Ground Truth,,es,Generic,98.31
Fish Speech 1.5,https://github.com/fishaudio/fish-speech,es,Generic,94.84
WhisperSpeech Medium,https://github.com/WhisperSpeech/WhisperSpeech,es,Generic,93.88
XTTS v1,https://github.com/coqui-ai/TTS,es,Generic,93.65
Bark,https://github.com/suno-ai/bark,es,Generic,92.85
OpenVoice v2,https://github.com/myshell-ai/OpenVoice,es,Generic,90.81
Ground Truth,,pl,Speaker,91.63
Fish Speech 1.5,https://github.com/fishaudio/fish-speech,pl,Speaker,81.81
WhisperSpeech Medium,https://github.com/WhisperSpeech/WhisperSpeech,pl,Speaker,75.7
XTTS v1,https://github.com/coqui-ai/TTS,pl,Speaker,73.55
Bark,https://github.com/suno-ai/bark,pl,Speaker,65.06
Ground Truth,,pl,Prosody,94.58
WhisperSpeech Medium,https://github.com/WhisperSpeech/WhisperSpeech,pl,Prosody,91.41
Fish Speech 1.5,https://github.com/fishaudio/fish-speech,pl,Prosody,86.31
XTTS v1,https://github.com/coqui-ai/TTS,pl,Prosody,86.28
Bark,https://github.com/suno-ai/bark,pl,Prosody,71.32
Ground Truth,,pl,Overall,92.59
Ground Truth,,pl,Failure Rate,0.0
Fish Speech 1.5,https://github.com/fishaudio/fish-speech,pl,Overall,86.59
Fish Speech 1.5,https://github.com/fishaudio/fish-speech,pl,Failure Rate,44.0
WhisperSpeech Medium,https://github.com/WhisperSpeech/WhisperSpeech,pl,Overall,85.71
WhisperSpeech Medium,https://github.com/WhisperSpeech/WhisperSpeech,pl,Failure Rate,12.0
XTTS v1,https://github.com/coqui-ai/TTS,pl,Overall,83.64
XTTS v1,https://github.com/coqui-ai/TTS,pl,Failure Rate,12.0
Bark,https://github.com/suno-ai/bark,pl,Overall,73.44
Bark,https://github.com/suno-ai/bark,pl,Failure Rate,72.0
Ground Truth,,pl,Intelligibility,85.89
Fish Speech 1.5,https://github.com/fishaudio/fish-speech,pl,Intelligibility,82.34
XTTS v1,https://github.com/coqui-ai/TTS,pl,Intelligibility,81.15
WhisperSpeech Medium,https://github.com/WhisperSpeech/WhisperSpeech,pl,Intelligibility,81.1
Bark,https://github.com/suno-ai/bark,pl,Intelligibility,71.8
Ground Truth,,pl,Generic,98.25
Fish Speech 1.5,https://github.com/fishaudio/fish-speech,pl,Generic,95.89
WhisperSpeech Medium,https://github.com/WhisperSpeech/WhisperSpeech,pl,Generic,94.62
XTTS v1,https://github.com/coqui-ai/TTS,pl,Generic,93.58
Bark,https://github.com/suno-ai/bark,pl,Generic,85.59
Ground Truth,,nl,Speaker,91.53
Fish Speech 1.5,https://github.com/fishaudio/fish-speech,nl,Speaker,78.01
WhisperSpeech Medium,https://github.com/WhisperSpeech/WhisperSpeech,nl,Speaker,73.3
XTTS v1,https://github.com/coqui-ai/TTS,nl,Speaker,72.95
Ground Truth,,nl,Prosody,94.02
Fish Speech 1.5,https://github.com/fishaudio/fish-speech,nl,Prosody,92.06
XTTS v1,https://github.com/coqui-ai/TTS,nl,Prosody,84.44
WhisperSpeech Medium,https://github.com/WhisperSpeech/WhisperSpeech,nl,Prosody,83.57
Ground Truth,,nl,Overall,92.38
Ground Truth,,nl,Failure Rate,0.0
Fish Speech 1.5,https://github.com/fishaudio/fish-speech,nl,Overall,86.68
Fish Speech 1.5,https://github.com/fishaudio/fish-speech,nl,Failure Rate,52.0
WhisperSpeech Medium,https://github.com/WhisperSpeech/WhisperSpeech,nl,Overall,82.64
WhisperSpeech Medium,https://github.com/WhisperSpeech/WhisperSpeech,nl,Failure Rate,26.0
XTTS v1,https://github.com/coqui-ai/TTS,nl,Overall,82.39
XTTS v1,https://github.com/coqui-ai/TTS,nl,Failure Rate,22.0
Ground Truth,,nl,Intelligibility,85.98
Fish Speech 1.5,https://github.com/fishaudio/fish-speech,nl,Intelligibility,82.09
XTTS v1,https://github.com/coqui-ai/TTS,nl,Intelligibility,80.39
WhisperSpeech Medium,https://github.com/WhisperSpeech/WhisperSpeech,nl,Intelligibility,80.17
Ground Truth,,nl,Generic,98.0
Fish Speech 1.5,https://github.com/fishaudio/fish-speech,nl,Generic,94.54
WhisperSpeech Medium,https://github.com/WhisperSpeech/WhisperSpeech,nl,Generic,93.52
XTTS v1,https://github.com/coqui-ai/TTS,nl,Generic,91.79
Ground Truth,,ja,Speaker,92.21
Vevo,https://github.com/open-mmlab/Amphion,ja,Speaker,83.98
Fish Speech 1.5,https://github.com/fishaudio/fish-speech,ja,Speaker,82.9
GPT-SoVITS v2,https://github.com/RVC-Boss/GPT-SoVITS,ja,Speaker,81.74
Bark,https://github.com/suno-ai/bark,ja,Speaker,75.12
Ground Truth,,ja,Prosody,95.46
GPT-SoVITS v2,https://github.com/RVC-Boss/GPT-SoVITS,ja,Prosody,93.34
Vevo,https://github.com/open-mmlab/Amphion,ja,Prosody,87.88
Fish Speech 1.5,https://github.com/fishaudio/fish-speech,ja,Prosody,87.36
Bark,https://github.com/suno-ai/bark,ja,Prosody,83.16
Ground Truth,,ja,Overall,92.17
Ground Truth,,ja,Failure Rate,0.0
GPT-SoVITS v2,https://github.com/RVC-Boss/GPT-SoVITS,ja,Overall,87.48
GPT-SoVITS v2,https://github.com/RVC-Boss/GPT-SoVITS,ja,Failure Rate,26.0
Fish Speech 1.5,https://github.com/fishaudio/fish-speech,ja,Overall,86.76
Fish Speech 1.5,https://github.com/fishaudio/fish-speech,ja,Failure Rate,6.0
Vevo,https://github.com/open-mmlab/Amphion,ja,Overall,84.75
Vevo,https://github.com/open-mmlab/Amphion,ja,Failure Rate,32.0
Bark,https://github.com/suno-ai/bark,ja,Overall,82.81
Bark,https://github.com/suno-ai/bark,ja,Failure Rate,14.0
Ground Truth,,ja,Intelligibility,82.68
Fish Speech 1.5,https://github.com/fishaudio/fish-speech,ja,Intelligibility,80.26
Bark,https://github.com/suno-ai/bark,ja,Intelligibility,80.18
GPT-SoVITS v2,https://github.com/RVC-Boss/GPT-SoVITS,ja,Intelligibility,80.09
Vevo,https://github.com/open-mmlab/Amphion,ja,Intelligibility,71.89
Ground Truth,,ja,Generic,98.33
Fish Speech 1.5,https://github.com/fishaudio/fish-speech,ja,Generic,96.51
Vevo,https://github.com/open-mmlab/Amphion,ja,Generic,95.24
GPT-SoVITS v2,https://github.com/RVC-Boss/GPT-SoVITS,ja,Generic,94.75
Bark,https://github.com/suno-ai/bark,ja,Generic,92.79
Ground Truth,,de,Speaker,91.6
Fish Speech 1.5,https://github.com/fishaudio/fish-speech,de,Speaker,81.17
Vevo,https://github.com/open-mmlab/Amphion,de,Speaker,79.7
WhisperSpeech Medium,https://github.com/WhisperSpeech/WhisperSpeech,de,Speaker,75.44
XTTS v1,https://github.com/coqui-ai/TTS,de,Speaker,74.68
Bark,https://github.com/suno-ai/bark,de,Speaker,73.45
Ground Truth,,de,Prosody,92.78
Vevo,https://github.com/open-mmlab/Amphion,de,Prosody,90.06
WhisperSpeech Medium,https://github.com/WhisperSpeech/WhisperSpeech,de,Prosody,89.05
Fish Speech 1.5,https://github.com/fishaudio/fish-speech,de,Prosody,88.73
XTTS v1,https://github.com/coqui-ai/TTS,de,Prosody,85.79
Bark,https://github.com/suno-ai/bark,de,Prosody,84.91
Ground Truth,,de,Overall,92.36
Ground Truth,,de,Failure Rate,0.0
Vevo,https://github.com/open-mmlab/Amphion,de,Overall,86.76
Vevo,https://github.com/open-mmlab/Amphion,de,Failure Rate,72.0
Fish Speech 1.5,https://github.com/fishaudio/fish-speech,de,Overall,86.42
Fish Speech 1.5,https://github.com/fishaudio/fish-speech,de,Failure Rate,34.0
WhisperSpeech Medium,https://github.com/WhisperSpeech/WhisperSpeech,de,Overall,84.98
WhisperSpeech Medium,https://github.com/WhisperSpeech/WhisperSpeech,de,Failure Rate,30.0
XTTS v1,https://github.com/coqui-ai/TTS,de,Overall,82.93
XTTS v1,https://github.com/coqui-ai/TTS,de,Failure Rate,28.0
Bark,https://github.com/suno-ai/bark,de,Overall,82.18
Bark,https://github.com/suno-ai/bark,de,Failure Rate,68.0
Ground Truth,,de,Intelligibility,86.82
Vevo,https://github.com/open-mmlab/Amphion,de,Intelligibility,82.34
Fish Speech 1.5,https://github.com/fishaudio/fish-speech,de,Intelligibility,81.14
WhisperSpeech Medium,https://github.com/WhisperSpeech/WhisperSpeech,de,Intelligibility,81.0
XTTS v1,https://github.com/coqui-ai/TTS,de,Intelligibility,79.93
Bark,https://github.com/suno-ai/bark,de,Intelligibility,77.76
Ground Truth,,de,Generic,98.24
Vevo,https://github.com/open-mmlab/Amphion,de,Generic,94.95
Fish Speech 1.5,https://github.com/fishaudio/fish-speech,de,Generic,94.64
WhisperSpeech Medium,https://github.com/WhisperSpeech/WhisperSpeech,de,Generic,94.46
Bark,https://github.com/suno-ai/bark,de,Generic,92.59
XTTS v1,https://github.com/coqui-ai/TTS,de,Generic,91.3
Ground Truth,,fr,Speaker,91.92
Fish Speech 1.5,https://github.com/fishaudio/fish-speech,fr,Speaker,82.6
Vevo,https://github.com/open-mmlab/Amphion,fr,Speaker,78.97
WhisperSpeech Medium,https://github.com/WhisperSpeech/WhisperSpeech,fr,Speaker,75.85
OpenVoice v2,https://github.com/myshell-ai/OpenVoice,fr,Speaker,74.61
XTTS v1,https://github.com/coqui-ai/TTS,fr,Speaker,73.56
Ground Truth,,fr,Prosody,94.95
OpenVoice v2,https://github.com/myshell-ai/OpenVoice,fr,Prosody,88.45
Fish Speech 1.5,https://github.com/fishaudio/fish-speech,fr,Prosody,86.46
WhisperSpeech Medium,https://github.com/WhisperSpeech/WhisperSpeech,fr,Prosody,85.7
Vevo,https://github.com/open-mmlab/Amphion,fr,Prosody,84.38
XTTS v1,https://github.com/coqui-ai/TTS,fr,Prosody,81.47
Ground Truth,,fr,Overall,92.84
Ground Truth,,fr,Failure Rate,0.0
Fish Speech 1.5,https://github.com/fishaudio/fish-speech,fr,Overall,86.45
Fish Speech 1.5,https://github.com/fishaudio/fish-speech,fr,Failure Rate,4.0
Vevo,https://github.com/open-mmlab/Amphion,fr,Overall,84.82
Vevo,https://github.com/open-mmlab/Amphion,fr,Failure Rate,70.0
OpenVoice v2,https://github.com/myshell-ai/OpenVoice,fr,Overall,84.46
OpenVoice v2,https://github.com/myshell-ai/OpenVoice,fr,Failure Rate,12.0
WhisperSpeech Medium,https://github.com/WhisperSpeech/WhisperSpeech,fr,Overall,84.19
WhisperSpeech Medium,https://github.com/WhisperSpeech/WhisperSpeech,fr,Failure Rate,6.0
XTTS v1,https://github.com/coqui-ai/TTS,fr,Overall,81.01
XTTS v1,https://github.com/coqui-ai/TTS,fr,Failure Rate,12.0
Ground Truth,,fr,Intelligibility,86.52
OpenVoice v2,https://github.com/myshell-ai/OpenVoice,fr,Intelligibility,83.26
Fish Speech 1.5,https://github.com/fishaudio/fish-speech,fr,Intelligibility,82.42
Vevo,https://github.com/open-mmlab/Amphion,fr,Intelligibility,81.83
WhisperSpeech Medium,https://github.com/WhisperSpeech/WhisperSpeech,fr,Intelligibility,80.87
XTTS v1,https://github.com/coqui-ai/TTS,fr,Intelligibility,79.14
Ground Truth,,fr,Generic,97.96
WhisperSpeech Medium,https://github.com/WhisperSpeech/WhisperSpeech,fr,Generic,94.32
Fish Speech 1.5,https://github.com/fishaudio/fish-speech,fr,Generic,94.31
Vevo,https://github.com/open-mmlab/Amphion,fr,Generic,94.1
OpenVoice v2,https://github.com/myshell-ai/OpenVoice,fr,Generic,91.51
XTTS v1,https://github.com/coqui-ai/TTS,fr,Generic,89.86
Ground Truth,,ar,Speaker,90.78
Fish Speech 1.5,https://github.com/fishaudio/fish-speech,ar,Speaker,82.64
XTTS v1,https://github.com/coqui-ai/TTS,ar,Speaker,76.06
Ground Truth,,ar,Prosody,93.18
Fish Speech 1.5,https://github.com/fishaudio/fish-speech,ar,Prosody,85.01
XTTS v1,https://github.com/coqui-ai/TTS,ar,Prosody,78.05
Ground Truth,,ar,Overall,91.3
Ground Truth,,ar,Failure Rate,0.0
Fish Speech 1.5,https://github.com/fishaudio/fish-speech,ar,Overall,85.51
Fish Speech 1.5,https://github.com/fishaudio/fish-speech,ar,Failure Rate,0.0
XTTS v1,https://github.com/coqui-ai/TTS,ar,Overall,81.61
XTTS v1,https://github.com/coqui-ai/TTS,ar,Failure Rate,6.0
Ground Truth,,ar,Intelligibility,83.17
Fish Speech 1.5,https://github.com/fishaudio/fish-speech,ar,Intelligibility,79.38
XTTS v1,https://github.com/coqui-ai/TTS,ar,Intelligibility,78.5
Ground Truth,,ar,Generic,98.08
Fish Speech 1.5,https://github.com/fishaudio/fish-speech,ar,Generic,95.0
XTTS v1,https://github.com/coqui-ai/TTS,ar,Generic,93.84
Ground Truth,,zh,Speaker,92.93
E2 TTS,https://github.com/SWivid/F5-TTS,zh,Speaker,89.58
F5-TTS,https://github.com/SWivid/F5-TTS,zh,Speaker,87.86
Vevo,https://github.com/open-mmlab/Amphion,zh,Speaker,87.01
MaskGCT,https://github.com/open-mmlab/Amphion,zh,Speaker,85.42
Fish Speech 1.5,https://github.com/fishaudio/fish-speech,zh,Speaker,77.47
OpenVoice v2,https://github.com/myshell-ai/OpenVoice,zh,Speaker,69.72
Ground Truth,,zh,Prosody,93.26
MaskGCT,https://github.com/open-mmlab/Amphion,zh,Prosody,92.77
F5-TTS,https://github.com/SWivid/F5-TTS,zh,Prosody,91.07
E2 TTS,https://github.com/SWivid/F5-TTS,zh,Prosody,91.03
OpenVoice v2,https://github.com/myshell-ai/OpenVoice,zh,Prosody,90.61
Vevo,https://github.com/open-mmlab/Amphion,zh,Prosody,86.07
Fish Speech 1.5,https://github.com/fishaudio/fish-speech,zh,Prosody,76.29
Ground Truth,,zh,Overall,91.51
Ground Truth,,zh,Failure Rate,0.0
E2 TTS,https://github.com/SWivid/F5-TTS,zh,Overall,89.79
E2 TTS,https://github.com/SWivid/F5-TTS,zh,Failure Rate,2.0
F5-TTS,https://github.com/SWivid/F5-TTS,zh,Overall,89.4
F5-TTS,https://github.com/SWivid/F5-TTS,zh,Failure Rate,4.0
MaskGCT,https://github.com/open-mmlab/Amphion,zh,Overall,89.08
MaskGCT,https://github.com/open-mmlab/Amphion,zh,Failure Rate,0.0
Vevo,https://github.com/open-mmlab/Amphion,zh,Overall,86.81
Vevo,https://github.com/open-mmlab/Amphion,zh,Failure Rate,12.0
OpenVoice v2,https://github.com/myshell-ai/OpenVoice,zh,Overall,81.97
OpenVoice v2,https://github.com/myshell-ai/OpenVoice,zh,Failure Rate,0.0
Fish Speech 1.5,https://github.com/fishaudio/fish-speech,zh,Overall,80.57
Fish Speech 1.5,https://github.com/fishaudio/fish-speech,zh,Failure Rate,6.0
F5-TTS,https://github.com/SWivid/F5-TTS,zh,Intelligibility,83.2
MaskGCT,https://github.com/open-mmlab/Amphion,zh,Intelligibility,82.96
E2 TTS,https://github.com/SWivid/F5-TTS,zh,Intelligibility,82.12
Ground Truth,,zh,Intelligibility,81.56
Vevo,https://github.com/open-mmlab/Amphion,zh,Intelligibility,77.74
Fish Speech 1.5,https://github.com/fishaudio/fish-speech,zh,Intelligibility,77.23
OpenVoice v2,https://github.com/myshell-ai/OpenVoice,zh,Intelligibility,75.88
Ground Truth,,zh,Generic,98.28
E2 TTS,https://github.com/SWivid/F5-TTS,zh,Generic,96.45
Vevo,https://github.com/open-mmlab/Amphion,zh,Generic,96.42
F5-TTS,https://github.com/SWivid/F5-TTS,zh,Generic,95.47
MaskGCT,https://github.com/open-mmlab/Amphion,zh,Generic,95.19
OpenVoice v2,https://github.com/myshell-ai/OpenVoice,zh,Generic,91.68
Fish Speech 1.5,https://github.com/fishaudio/fish-speech,zh,Generic,91.29
Ground Truth,,it,Speaker,90.97
Fish Speech 1.5,https://github.com/fishaudio/fish-speech,it,Speaker,82.34
WhisperSpeech Medium,https://github.com/WhisperSpeech/WhisperSpeech,it,Speaker,77.77
XTTS v1,https://github.com/coqui-ai/TTS,it,Speaker,75.2
Bark,https://github.com/suno-ai/bark,it,Speaker,74.19
Ground Truth,,it,Prosody,93.12
WhisperSpeech Medium,https://github.com/WhisperSpeech/WhisperSpeech,it,Prosody,89.15
XTTS v1,https://github.com/coqui-ai/TTS,it,Prosody,82.0
Fish Speech 1.5,https://github.com/fishaudio/fish-speech,it,Prosody,78.87
Bark,https://github.com/suno-ai/bark,it,Prosody,75.94
Ground Truth,,it,Overall,91.84
Ground Truth,,it,Failure Rate,0.0
WhisperSpeech Medium,https://github.com/WhisperSpeech/WhisperSpeech,it,Overall,85.31
WhisperSpeech Medium,https://github.com/WhisperSpeech/WhisperSpeech,it,Failure Rate,16.0
Fish Speech 1.5,https://github.com/fishaudio/fish-speech,it,Overall,84.11
Fish Speech 1.5,https://github.com/fishaudio/fish-speech,it,Failure Rate,26.0
XTTS v1,https://github.com/coqui-ai/TTS,it,Overall,82.04
XTTS v1,https://github.com/coqui-ai/TTS,it,Failure Rate,34.0
Bark,https://github.com/suno-ai/bark,it,Overall,80.25
Bark,https://github.com/suno-ai/bark,it,Failure Rate,56.0
Ground Truth,,it,Intelligibility,85.01
Fish Speech 1.5,https://github.com/fishaudio/fish-speech,it,Intelligibility,80.83
XTTS v1,https://github.com/coqui-ai/TTS,it,Intelligibility,80.21
WhisperSpeech Medium,https://github.com/WhisperSpeech/WhisperSpeech,it,Intelligibility,79.86
Bark,https://github.com/suno-ai/bark,it,Intelligibility,78.14
Ground Truth,,it,Generic,98.23
WhisperSpeech Medium,https://github.com/WhisperSpeech/WhisperSpeech,it,Generic,94.48
Fish Speech 1.5,https://github.com/fishaudio/fish-speech,it,Generic,94.42
Bark,https://github.com/suno-ai/bark,it,Generic,92.74
XTTS v1,https://github.com/coqui-ai/TTS,it,Generic,90.75
Ground Truth,,pt,Speaker,91.16
Fish Speech 1.5,https://github.com/fishaudio/fish-speech,pt,Speaker,82.98
XTTS v1,https://github.com/coqui-ai/TTS,pt,Speaker,75.64
Bark,https://github.com/suno-ai/bark,pt,Speaker,72.85
Ground Truth,,pt,Prosody,92.23
Fish Speech 1.5,https://github.com/fishaudio/fish-speech,pt,Prosody,87.94
XTTS v1,https://github.com/coqui-ai/TTS,pt,Prosody,86.58
Bark,https://github.com/suno-ai/bark,pt,Prosody,83.67
Ground Truth,,pt,Overall,91.53
Ground Truth,,pt,Failure Rate,0.0
Fish Speech 1.5,https://github.com/fishaudio/fish-speech,pt,Overall,87.25
Fish Speech 1.5,https://github.com/fishaudio/fish-speech,pt,Failure Rate,26.0
XTTS v1,https://github.com/coqui-ai/TTS,pt,Overall,84.18
XTTS v1,https://github.com/coqui-ai/TTS,pt,Failure Rate,38.0
Bark,https://github.com/suno-ai/bark,pt,Overall,82.16
Bark,https://github.com/suno-ai/bark,pt,Failure Rate,64.0
Ground Truth,,pt,Intelligibility,84.32
Fish Speech 1.5,https://github.com/fishaudio/fish-speech,pt,Intelligibility,81.68
XTTS v1,https://github.com/coqui-ai/TTS,pt,Intelligibility,80.92
Bark,https://github.com/suno-ai/bark,pt,Intelligibility,78.52
Ground Truth,,pt,Generic,98.4
Fish Speech 1.5,https://github.com/fishaudio/fish-speech,pt,Generic,96.42
Bark,https://github.com/suno-ai/bark,pt,Generic,93.59
XTTS v1,https://github.com/coqui-ai/TTS,pt,Generic,93.55
Ground Truth,,ko,Speaker,91.65
Vevo,https://github.com/open-mmlab/Amphion,ko,Speaker,83.85
GPT-SoVITS v2,https://github.com/RVC-Boss/GPT-SoVITS,ko,Speaker,81.95
Fish Speech 1.5,https://github.com/fishaudio/fish-speech,ko,Speaker,80.97
HierSpeech++ v1.1,https://github.com/sh-lee-prml/HierSpeechpp,ko,Speaker,54.77
Ground Truth,,ko,Prosody,95.49
GPT-SoVITS v2,https://github.com/RVC-Boss/GPT-SoVITS,ko,Prosody,92.46
Vevo,https://github.com/open-mmlab/Amphion,ko,Prosody,90.76
Fish Speech 1.5,https://github.com/fishaudio/fish-speech,ko,Prosody,83.48
HierSpeech++ v1.1,https://github.com/sh-lee-prml/HierSpeechpp,ko,Prosody,74.22
Ground Truth,,ko,Overall,92.24
Ground Truth,,ko,Failure Rate,0.0
GPT-SoVITS v2,https://github.com/RVC-Boss/GPT-SoVITS,ko,Overall,87.28
GPT-SoVITS v2,https://github.com/RVC-Boss/GPT-SoVITS,ko,Failure Rate,2.0
Vevo,https://github.com/open-mmlab/Amphion,ko,Overall,86.52
Vevo,https://github.com/open-mmlab/Amphion,ko,Failure Rate,44.0
Fish Speech 1.5,https://github.com/fishaudio/fish-speech,ko,Overall,83.61
Fish Speech 1.5,https://github.com/fishaudio/fish-speech,ko,Failure Rate,0.0
HierSpeech++ v1.1,https://github.com/sh-lee-prml/HierSpeechpp,ko,Overall,69.22
HierSpeech++ v1.1,https://github.com/sh-lee-prml/HierSpeechpp,ko,Failure Rate,96.0
Ground Truth,,ko,Intelligibility,83.8
GPT-SoVITS v2,https://github.com/RVC-Boss/GPT-SoVITS,ko,Intelligibility,80.34
Fish Speech 1.5,https://github.com/fishaudio/fish-speech,ko,Intelligibility,78.76
Vevo,https://github.com/open-mmlab/Amphion,ko,Intelligibility,76.53
HierSpeech++ v1.1,https://github.com/sh-lee-prml/HierSpeechpp,ko,Intelligibility,70.89
Ground Truth,,ko,Generic,98.02
Vevo,https://github.com/open-mmlab/Amphion,ko,Generic,94.95
GPT-SoVITS v2,https://github.com/RVC-Boss/GPT-SoVITS,ko,Generic,94.37
Fish Speech 1.5,https://github.com/fishaudio/fish-speech,ko,Generic,91.24
HierSpeech++ v1.1,https://github.com/sh-lee-prml/HierSpeechpp,ko,Generic,76.99
Ground Truth,,en,Speaker,91.11
E2 TTS,https://github.com/SWivid/F5-TTS,en,Speaker,88.86
F5-TTS,https://github.com/SWivid/F5-TTS,en,Speaker,87.69
MaskGCT,https://github.com/open-mmlab/Amphion,en,Speaker,87.44
Fish Speech 1.5,https://github.com/fishaudio/fish-speech,en,Speaker,82.98
TorToise,https://github.com/afiaka87/tortoise-tts,en,Speaker,81.92
Vevo,https://github.com/open-mmlab/Amphion,en,Speaker,81.16
GPT-SoVITS v2,https://github.com/RVC-Boss/GPT-SoVITS,en,Speaker,79.81
HierSpeech++ v1.1,https://github.com/sh-lee-prml/HierSpeechpp,en,Speaker,78.37
VoiceCraft 830M,https://github.com/jasonppy/VoiceCraft,en,Speaker,77.34
OpenVoice v2,https://github.com/myshell-ai/OpenVoice,en,Speaker,77.06
WhisperSpeech Medium,https://github.com/WhisperSpeech/WhisperSpeech,en,Speaker,76.78
PHEME,https://github.com/PolyAI-LDN/pheme,en,Speaker,76.61
MetaVoice-1B,https://github.com/metavoiceio/metavoice-src,en,Speaker,76.54
StyleTTS 2,https://github.com/yl4579/StyleTTS2,en,Speaker,76.49
Bark,https://github.com/suno-ai/bark,en,Speaker,74.72
XTTS v1,https://github.com/coqui-ai/TTS,en,Speaker,74.69
NaturalSpeech 2,https://github.com/open-mmlab/Amphion,en,Speaker,71.05
VALL-E v2 (Amphion),https://github.com/open-mmlab/Amphion,en,Speaker,70.13
SpeechT5,https://github.com/microsoft/SpeechT5,en,Speaker,69.85
Parler-TTS Large v1,https://github.com/huggingface/parler-tts,en,Speaker,68.45
Ground Truth,,en,Prosody,94.82
MaskGCT,https://github.com/open-mmlab/Amphion,en,Prosody,94.39
PHEME,https://github.com/PolyAI-LDN/pheme,en,Prosody,94.05
GPT-SoVITS v2,https://github.com/RVC-Boss/GPT-SoVITS,en,Prosody,93.91
E2 TTS,https://github.com/SWivid/F5-TTS,en,Prosody,92.85
WhisperSpeech Medium,https://github.com/WhisperSpeech/WhisperSpeech,en,Prosody,92.53
F5-TTS,https://github.com/SWivid/F5-TTS,en,Prosody,92.14
TorToise,https://github.com/afiaka87/tortoise-tts,en,Prosody,91.77
HierSpeech++ v1.1,https://github.com/sh-lee-prml/HierSpeechpp,en,Prosody,91.54
MetaVoice-1B,https://github.com/metavoiceio/metavoice-src,en,Prosody,91.49
XTTS v1,https://github.com/coqui-ai/TTS,en,Prosody,91.27
VoiceCraft 830M,https://github.com/jasonppy/VoiceCraft,en,Prosody,90.58
SpeechT5,https://github.com/microsoft/SpeechT5,en,Prosody,90.46
Fish Speech 1.5,https://github.com/fishaudio/fish-speech,en,Prosody,89.79
Vevo,https://github.com/open-mmlab/Amphion,en,Prosody,89.47
StyleTTS 2,https://github.com/yl4579/StyleTTS2,en,Prosody,89.09
VALL-E v2 (Amphion),https://github.com/open-mmlab/Amphion,en,Prosody,87.73
NaturalSpeech 2,https://github.com/open-mmlab/Amphion,en,Prosody,87.1
OpenVoice v2,https://github.com/myshell-ai/OpenVoice,en,Prosody,86.23
Parler-TTS Large v1,https://github.com/huggingface/parler-tts,en,Prosody,84.37
Bark,https://github.com/suno-ai/bark,en,Prosody,81.02
Ground Truth,,en,Overall,91.63
Ground Truth,,en,Failure Rate,0.0
MaskGCT,https://github.com/open-mmlab/Amphion,en,Overall,90.31
MaskGCT,https://github.com/open-mmlab/Amphion,en,Failure Rate,12.0
F5-TTS,https://github.com/SWivid/F5-TTS,en,Overall,89.55
F5-TTS,https://github.com/SWivid/F5-TTS,en,Failure Rate,12.0
E2 TTS,https://github.com/SWivid/F5-TTS,en,Overall,89.49
E2 TTS,https://github.com/SWivid/F5-TTS,en,Failure Rate,18.0
TorToise,https://github.com/afiaka87/tortoise-tts,en,Overall,87.76
TorToise,https://github.com/afiaka87/tortoise-tts,en,Failure Rate,10.0
GPT-SoVITS v2,https://github.com/RVC-Boss/GPT-SoVITS,en,Overall,87.22
GPT-SoVITS v2,https://github.com/RVC-Boss/GPT-SoVITS,en,Failure Rate,26.0
PHEME,https://github.com/PolyAI-LDN/pheme,en,Overall,87.05
PHEME,https://github.com/PolyAI-LDN/pheme,en,Failure Rate,28.0
Fish Speech 1.5,https://github.com/fishaudio/fish-speech,en,Overall,86.82
Fish Speech 1.5,https://github.com/fishaudio/fish-speech,en,Failure Rate,16.0
Vevo,https://github.com/open-mmlab/Amphion,en,Overall,86.52
Vevo,https://github.com/open-mmlab/Amphion,en,Failure Rate,64.0
VoiceCraft 830M,https://github.com/jasonppy/VoiceCraft,en,Overall,86.38
VoiceCraft 830M,https://github.com/jasonppy/VoiceCraft,en,Failure Rate,34.0
HierSpeech++ v1.1,https://github.com/sh-lee-prml/HierSpeechpp,en,Overall,86.34
HierSpeech++ v1.1,https://github.com/sh-lee-prml/HierSpeechpp,en,Failure Rate,20.0
MetaVoice-1B,https://github.com/metavoiceio/metavoice-src,en,Overall,86.33
MetaVoice-1B,https://github.com/metavoiceio/metavoice-src,en,Failure Rate,24.0
WhisperSpeech Medium,https://github.com/WhisperSpeech/WhisperSpeech,en,Overall,86.19
WhisperSpeech Medium,https://github.com/WhisperSpeech/WhisperSpeech,en,Failure Rate,16.0
XTTS v1,https://github.com/coqui-ai/TTS,en,Overall,85.21
XTTS v1,https://github.com/coqui-ai/TTS,en,Failure Rate,10.0
StyleTTS 2,https://github.com/yl4579/StyleTTS2,en,Overall,84.68
StyleTTS 2,https://github.com/yl4579/StyleTTS2,en,Failure Rate,10.0
SpeechT5,https://github.com/microsoft/SpeechT5,en,Overall,82.58
SpeechT5,https://github.com/microsoft/SpeechT5,en,Failure Rate,18.0
OpenVoice v2,https://github.com/myshell-ai/OpenVoice,en,Overall,82.46
OpenVoice v2,https://github.com/myshell-ai/OpenVoice,en,Failure Rate,12.0
Bark,https://github.com/suno-ai/bark,en,Overall,82.23
Bark,https://github.com/suno-ai/bark,en,Failure Rate,24.0
VALL-E v2 (Amphion),https://github.com/open-mmlab/Amphion,en,Overall,82.11
VALL-E v2 (Amphion),https://github.com/open-mmlab/Amphion,en,Failure Rate,72.0
NaturalSpeech 2,https://github.com/open-mmlab/Amphion,en,Overall,81.23
NaturalSpeech 2,https://github.com/open-mmlab/Amphion,en,Failure Rate,40.0
Parler-TTS Large v1,https://github.com/huggingface/parler-tts,en,Overall,79.51
Parler-TTS Large v1,https://github.com/huggingface/parler-tts,en,Failure Rate,84.0
Ground Truth,,en,Intelligibility,82.69
F5-TTS,https://github.com/SWivid/F5-TTS,en,Intelligibility,82.31
MaskGCT,https://github.com/open-mmlab/Amphion,en,Intelligibility,82.19
PHEME,https://github.com/PolyAI-LDN/pheme,en,Intelligibility,81.58
TorToise,https://github.com/afiaka87/tortoise-tts,en,Intelligibility,81.58
VoiceCraft 830M,https://github.com/jasonppy/VoiceCraft,en,Intelligibility,81.53
MetaVoice-1B,https://github.com/metavoiceio/metavoice-src,en,Intelligibility,81.35
HierSpeech++ v1.1,https://github.com/sh-lee-prml/HierSpeechpp,en,Intelligibility,81.23
XTTS v1,https://github.com/coqui-ai/TTS,en,Intelligibility,81.11
StyleTTS 2,https://github.com/yl4579/StyleTTS2,en,Intelligibility,80.94
GPT-SoVITS v2,https://github.com/RVC-Boss/GPT-SoVITS,en,Intelligibility,80.83
Fish Speech 1.5,https://github.com/fishaudio/fish-speech,en,Intelligibility,80.54
Vevo,https://github.com/open-mmlab/Amphion,en,Intelligibility,80.42
E2 TTS,https://github.com/SWivid/F5-TTS,en,Intelligibility,80.37
Bark,https://github.com/suno-ai/bark,en,Intelligibility,79.21
WhisperSpeech Medium,https://github.com/WhisperSpeech/WhisperSpeech,en,Intelligibility,79.16
VALL-E v2 (Amphion),https://github.com/open-mmlab/Amphion,en,Intelligibility,77.65
SpeechT5,https://github.com/microsoft/SpeechT5,en,Intelligibility,76.67
Parler-TTS Large v1,https://github.com/huggingface/parler-tts,en,Intelligibility,75.68
NaturalSpeech 2,https://github.com/open-mmlab/Amphion,en,Intelligibility,74.9
OpenVoice v2,https://github.com/myshell-ai/OpenVoice,en,Intelligibility,73.87
Ground Truth,,en,Generic,97.91
MaskGCT,https://github.com/open-mmlab/Amphion,en,Generic,97.23
WhisperSpeech Medium,https://github.com/WhisperSpeech/WhisperSpeech,en,Generic,96.28
F5-TTS,https://github.com/SWivid/F5-TTS,en,Generic,96.09
VoiceCraft 830M,https://github.com/jasonppy/VoiceCraft,en,Generic,96.08
PHEME,https://github.com/PolyAI-LDN/pheme,en,Generic,95.96
MetaVoice-1B,https://github.com/metavoiceio/metavoice-src,en,Generic,95.96
E2 TTS,https://github.com/SWivid/F5-TTS,en,Generic,95.87
TorToise,https://github.com/afiaka87/tortoise-tts,en,Generic,95.79
Vevo,https://github.com/open-mmlab/Amphion,en,Generic,95.03
GPT-SoVITS v2,https://github.com/RVC-Boss/GPT-SoVITS,en,Generic,94.34
HierSpeech++ v1.1,https://github.com/sh-lee-prml/HierSpeechpp,en,Generic,94.22
Bark,https://github.com/suno-ai/bark,en,Generic,93.96
Fish Speech 1.5,https://github.com/fishaudio/fish-speech,en,Generic,93.96
XTTS v1,https://github.com/coqui-ai/TTS,en,Generic,93.77
SpeechT5,https://github.com/microsoft/SpeechT5,en,Generic,93.33
VALL-E v2 (Amphion),https://github.com/open-mmlab/Amphion,en,Generic,92.92
OpenVoice v2,https://github.com/myshell-ai/OpenVoice,en,Generic,92.68
StyleTTS 2,https://github.com/yl4579/StyleTTS2,en,Generic,92.19
NaturalSpeech 2,https://github.com/open-mmlab/Amphion,en,Generic,91.89
Parler-TTS Large v1,https://github.com/huggingface/parler-tts,en,Generic,89.56
Ground Truth,,tr,Speaker,91.84
XTTS v1,https://github.com/coqui-ai/TTS,tr,Speaker,66.54
Bark,https://github.com/suno-ai/bark,tr,Speaker,65.19
Ground Truth,,tr,Prosody,95.39
XTTS v1,https://github.com/coqui-ai/TTS,tr,Prosody,81.11
Bark,https://github.com/suno-ai/bark,tr,Prosody,80.53
Ground Truth,,tr,Overall,93.23
Ground Truth,,tr,Failure Rate,0.0
XTTS v1,https://github.com/coqui-ai/TTS,tr,Overall,79.54
XTTS v1,https://github.com/coqui-ai/TTS,tr,Failure Rate,18.0
Bark,https://github.com/suno-ai/bark,tr,Overall,78.84
Bark,https://github.com/suno-ai/bark,tr,Failure Rate,72.0
Ground Truth,,tr,Intelligibility,87.45
XTTS v1,https://github.com/coqui-ai/TTS,tr,Intelligibility,80.6
Bark,https://github.com/suno-ai/bark,tr,Intelligibility,78.52
Ground Truth,,tr,Generic,98.24
Bark,https://github.com/suno-ai/bark,tr,Generic,91.11
XTTS v1,https://github.com/coqui-ai/TTS,tr,Generic,89.92
Ground Truth,,ru,Speaker,91.11
Fish Speech 1.5,https://github.com/fishaudio/fish-speech,ru,Speaker,83.21
XTTS v1,https://github.com/coqui-ai/TTS,ru,Speaker,74.49
Ground Truth,,ru,Prosody,93.06
Fish Speech 1.5,https://github.com/fishaudio/fish-speech,ru,Prosody,83.0
XTTS v1,https://github.com/coqui-ai/TTS,ru,Prosody,78.86
Ground Truth,,ru,Overall,92.28
Ground Truth,,ru,Failure Rate,0.0
Fish Speech 1.5,https://github.com/fishaudio/fish-speech,ru,Overall,86.52
Fish Speech 1.5,https://github.com/fishaudio/fish-speech,ru,Failure Rate,0.0
XTTS v1,https://github.com/coqui-ai/TTS,ru,Overall,81.74
XTTS v1,https://github.com/coqui-ai/TTS,ru,Failure Rate,6.0
Ground Truth,,ru,Intelligibility,86.66
Fish Speech 1.5,https://github.com/fishaudio/fish-speech,ru,Intelligibility,83.62
XTTS v1,https://github.com/coqui-ai/TTS,ru,Intelligibility,80.95
Ground Truth,,ru,Generic,98.26
Fish Speech 1.5,https://github.com/fishaudio/fish-speech,ru,Generic,96.23
XTTS v1,https://github.com/coqui-ai/TTS,ru,Generic,92.64
